country,country_name,latitude,longitude
XX,International,50.109345950000005,14.393264664529315
IN,India,22.3511148,78.6677428
ZA,South Africa,-28.8166236,24.991639
US,United States,39.7837304,-100.4458825
CL,Chile,-31.7613365,-71.3187697
VN,Vietnam,13.2904027,108.4265113
TH,Thailand,14.8971921,100.83273
MX,Mexico,22.5000485,-100.0000375
LK,Sri Lanka,7.5554942,80.7137847
IR,Iran,32.6475314,54.5643516
KZ,Kazakhstan,47.2286086,65.2093197
RU,Russia,64.6863136,97.7453061
RS,Serbia,44.1534121,20.55144
UY,Uruguay,-32.8755548,-56.0201525
CA,Canada,61.0666922,-107.9917071
DE,Germany,51.0834196,10.4234469
ZM,Zambia,-14.5186239,27.5599164
PH,Philippines,12.7503486,122.7312101
SY,Syria,34.6401861,39.0494106
TR,Turkey,38.9597594,34.9249653
PT,Portugal,40.0332629,-7.8896263
FR,France,46.603354,1.8883335
ID,Indonesia,-2.4833826,117.8902853
TD,Chad,15.6134137,19.0156172
CO,Colombia,2.8894434,-73.783892
CR,Costa Rica,10.2735633,-84.0739102
EG,Egypt,26.2540493,29.2675469
AE,United Arab Emirates,24.0002488,53.9994829
CN,China,35.000074,104.999927
IQ,Iraq,33.0955793,44.1749775
JM,Jamaica,18.1850507,-77.3947693
DO,Dominican Republic,19.0974031,-70.3028026
NP,Nepal,28.1083929,84.0917139
PL,Poland,52.0189912,19.19558554308718
TZ,Tanzania,-6.5247123,35.7878438
PK,Pakistan,30.3308401,71.247499
BR,Brazil,-10.3333333,-53.2
AR,Argentina,-34.9964963,-64.9672817
NG,Nigeria,9.6000359,7.9999721
MY,Malaysia,4.5693754,102.2656823
AT,Austria,47.2000338,13.199959
PS,Palestine,31.94696655,35.27386547291496
TN,Tunisia,33.8439408,9.400138
MA,Morocco,31.1728205,-7.3362482
ES,Spain,39.3262345,-4.8380649
BD,Bangladesh,24.4768783,90.2932426
PE,Peru,-6.8699697,-75.0458515
NZ,New Zealand,-41.5000831,172.8344077
IT,Italy,42.6384261,12.674297
AL,Albania,41.000028,19.9999619
SV,El Salvador,13.8000382,-88.9140683
VE,Venezuela,8.0018709,-66.1109318
BY,Belarus,53.4250605,27.6971358
GB,United Kingdom,54.7023545,-3.2765753
HU,Hungary,47.1817585,19.5060937
UA,Ukraine,49.4871968,31.2718321
GR,Greece,38.9953683,21.9877132
SE,Sweden,59.6749712,14.5208584
DZ,Algeria,28.0000272,2.9999825
NO,Norway,60.5000209,9.0999715
FI,Finland,63.2467777,25.9209164
KE,Kenya,1.4419683,38.4313975
SO,Somalia,8.3676771,49.083416
KP,North Korea,40.3736611,127.0870417
JO,Jordan,31.1667049,36.941628
VI,US Virgin Islands,17.7289564,-64.75901597858353
RO,Romania,45.9852129,24.6859225
EC,Ecuador,-1.3397668,-79.3666965
XE,England,52.5310214,-1.2649062
SK,Slovakia,48.7411522,19.4528646
GE,Georgia,41.6809707,44.0287382
PY,Paraguay,-23.3165935,-58.1693445
JP,Japan,36.5748441,139.2394179
AU,Australia,-24.7761086,134.755
LT,Lithuania,55.3500003,23.7499997
SG,Singapore,1.357107,103.8194992
QA,Qatar,25.3336984,51.2295295
BE,Belgium,50.6402809,4.6667145
CM,Cameroon,4.6125522,13.1535811
MN,Mongolia,46.8250388,103.8499736
AM,Armenia,40.7696272,44.6736646
UZ,Uzbekistan,41.32373,63.9528098
IL,Israel,31.5313113,34.8667654
NL,Netherlands,52.5001698,5.7480821
MD,Moldova,47.2879608,28.5670941
XG,Galicia,42.61946,-7.863112
HK,Hong Kong,22.2793278,114.1628131
CZ,Czech Republic,49.8167003,15.4749544
BO,Bolivia,-17.0568696,-64.9912286
NI,Nicaragua,12.6090157,-85.2936911
DK,Denmark,55.670249,10.3333283
KR,South Korea,36.638392,127.6961188
TV,Tuvalu,-8.6405212,179.1582918181797
SA,Saudi Arabia,25.6242618,42.3528328
XS,Scotland,56.7861112,-4.1140518
CY,Cyprus,34.9823018,33.1451285
HR,Croatia,45.5643442,17.0118954
LV,Latvia,56.8406494,24.7537645
MK,North Macedonia,41.6171214,21.7168387
PA,Panama,8.559559,-81.1308434
BA,Bosnia-Herzegovina,44.3053476,17.5961467
BG,Bulgaria,42.6073975,25.4856617
FO,Faroe Islands,62.0448724,-7.0322972
XC,Catalonia,41.8523094,1.5745043
MG,Madagascar,-18.9249604,46.4416422
MM,Myanmar,17.1750495,95.9999652
TM,Turkmenistan,39.3763807,59.3924609
GT,Guatemala,15.6356088,-89.8988087
MZ,Mozambique,-19.302233,34.9144977
CH,Switzerland,46.7985624,8.2319736
IE,Ireland,52.865196,-7.9794599
AG,Antigua/Barbuda,17.2234721,-61.9554608
AO,Angola,-11.8775768,17.5691241
HN,Honduras,15.2572432,-86.0755145
AF,Afghanistan,33.7680065,66.2385139
MT,Malta,35.8885993,14.4476911
,Namibia,-23.2335499,17.3231107
LU,Luxembourg,49.8158683,6.1296751
IS,Iceland,64.9841821,-18.1059013
KW,Kuwait,29.2733964,47.4979476
BH,Bahrain,26.1551249,50.5344606
TW,Taiwan,23.9739374,120.9820179
MH,Marshall Islands,8.9995549,168.0002575
XW,Wales,52.2928116,-3.73893
OM,Oman,21.0000287,57.0036901
GH,Ghana,8.0300284,-1.0800271
AZ,Azerbaijan,40.3936294,47.7872508
CU,Cuba,23.0131338,-80.8328748
PR,Puerto Rico,18.2214149,-66.41328179513847
MC,Monaco,43.73844905,7.424224092532953
XA,Canary Islands,28.2935785,-16.621447121144122
MV,Maldives,4.7064352,73.3287853
MQ,Martinique,14.6367927,-61.01582685063731
ZW,Zimbabwe,-18.4554963,29.7468414
GQ,Equatorial Guinea,1.613172,10.5170357
RE,Reunion,-21.130737949999997,55.536480112992315
SI,Slovenia,45.8133113,14.4808369
MO,Macao,22.1757605,113.5514142
HT,Haiti,19.1399952,-72.3570972
KG,Kyrgyzstan,41.5089324,74.724091
BT,Bhutan,27.549511,90.5119273
GG,Guernsey,49.4566233,-2.5822348
LY,Libya,26.8234472,18.1236723
EE,Estonia,58.7523778,25.3319078
BS,Bahamas,24.7736546,-78.0000547
BM,Bermuda,32.3018217,-64.7603583
YE,Yemen,16.3471243,47.8915271
TJ,Tajikistan,38.6281733,70.8156541
CI,Ivory Coast,7.9897371,-5.5679458
XK,Kosovo,42.5869578,20.9021231
ML,Mali,16.3700359,-2.2900239
AD,Andorra,42.5407167,1.5732033
SZ,Swaziland,-26.5624806,31.3991317
LB,Lebanon,33.8750629,35.843409
XB,Basque Country,42.728653050000005,-1.97383746697463
SD,Sudan,14.5844444,29.4917691
AW,Aruba,12.4902998,-69.9609842
TT,Trinidad/Tobago,10.8677845,-60.9821067
NC,New Caledonia,-20.454288599999998,164.55660583077983
UG,Uganda,1.5333554,32.2166578
PG,Papua New Guinea,-5.6816069,144.2489081
ME,Montenegro,42.9868853,19.5180992
FJ,Fiji,-18.1239696,179.0122737
BW,Botswana,-23.1681782,24.5928742
BN,Brunei,4.4137155,114.5653908
LS,Lesotho,-29.6039267,28.3350193
SR,Suriname,4.1413025,-56.0771187
BI,Burundi,-3.3634357,29.8870575
LA,Laos,20.0171109,103.378253
RW,Rwanda,-1.9646631,30.0644358
VA,Vatican City,41.9034912,12.4528349
CW,Curacao,12.1845,-68.9640875031406
ET,Ethiopia,10.2116702,38.6521203
BB,Barbados,13.1500331,-59.5250305
MW,Malawi,-13.2687204,33.9301963
TG,Togo,8.7800265,1.0199765
GU,Guam,13.450125700000001,144.75755102972062
GY,Guyana,4.8417097,-58.6416891
FM,Micronesia,8.6065,152.00846930625
ST,Sao Tome/Principe,0.8875498,6.9648718
CV,Cape Verde,16.0000552,-24.0083947
AS,American Samoa,-14.289304,-170.692511
LR,Liberia,5.7499721,-9.3658524
SX,Sint Maarten,52.7736657,4.7448352
MR,Mauritania,20.2540382,-9.2399263
CD,DR Congo,-2.9814344,23.8222636
TL,Timor-Leste,-8.5151979,125.8375756
EH,Western Sahara,24.1797324,-13.7667848
IM,Isle of Man,54.1936805,-4.5591148
MU,Mauritius,-20.2759451,57.5703566
VC,Saint Vincent,12.90447,-61.2765569
SM,San Marino,43.9458623,12.458306
GA,Gabon,-0.8999695,11.6899699
SL,Sierra Leone,8.6400349,-11.8400269
JE,Jersey,49.2214561,-2.1358386
FK,Falkland Islands,-51.9666424,-59.5500387
NR,Nauru,-0.5252306,166.9324426
SC,Seychelles,-4.6574977,55.4540146
KH,Cambodia,13.5066394,104.869423
GI,Gibraltar,36.140807,-5.3541295
KN,Saint Kitts/Nevis,17.250512,-62.6725973
VG,British Virgin Islands,18.4024395,-64.5661642
GM,Gambia,13.470062,-15.4900464
AX,Aland Islands,60.2166218,19.9438638
TC,Turks and Caicos Islands,21.7214683,-71.6201783
CF,Central Africa,11.5024338,17.7578122
KI,Kiribati,-1.2394555500000002,175.29694553869794
VU,Vanuatu,-16.5255069,168.1069154
KY,Cayman Islands,19.703182249999998,-79.9174627243246
ER,Eritrea,15.9500319,37.9999668
WS,Samoa,-13.7693895,-172.1200508
LI,Liechtenstein,47.1416307,9.5531527
DJ,Djibouti,11.8145966,42.8453061
GL,Greenland,77.6192349,-42.8125967
BJ,Benin,9.5293472,2.2584408
PM,Saint Pierre/Miquelon,46.783246899999995,-56.195158907484085
BZ,Belize,16.8259793,-88.7600927
SN,Senegal,14.4750607,-14.4529612
LC,Saint Lucia,13.8250489,-60.975036
MS,Montserrat,16.7417041,-62.1916844
BF,Burkina Faso,12.0753083,-1.6880314
PW,Palau,7.3245000000000005,134.496454875
DM,Dominica,19.0974031,-70.3028026
NE,Niger,17.7356214,9.3238432
GD,Grenada,12.1360374,-61.6904045
GF,French Guiana,4.0039882,-52.999998
GP,Guadeloupe,16.230510250000002,-61.68712602138846
SS,South Sudan,7.8699431,29.6667897
TO,Tonga,-19.9160819,-175.2026424
SB,Solomon Islands,-8.7053941,159.1070693851845
CG,Congo,-0.7264327,15.6419155
GS,South Georgia,-54.4315,-36.618593125
